{"0": {"GWP": [0.0, 0.0, 0.0, 0.0, 0.0, 243219.97600025038, 170089.91725996943, 330352.624118808, 594095.631, 594095.631, 533130.301365564, 594095.631, 594095.631, 594095.631, 594095.631, 594095.631, 594095.631, 594095.631, 594095.631, 594095.631, 594095.631, 594095.631, 594095.631, 594095.631, 594095.631, 594095.631, 594095.631, 594095.631, 594095.631, 594095.631], "TL": [0.0, 0.0, 0.0, 0.0, 0.0, 153105.2445229, 153105.2445229, 153105.2445229, 153105.2445229, 153105.2445229, 153105.2445229, 153105.2445229, 153105.2445229, 153105.2445229, 153105.2445229, 153105.2445229, 153105.2445229, 153105.2445229, 153105.2445229, 153105.2445229, 153105.2445229, 153105.2445229, 153105.2445229, 153105.2445229, 153105.2445229, 153105.2445229, 153105.2445229, 153105.2445229, 153105.2445229, 153105.2445229], "PL": [0.0, 0.0, 0.0, 0.0, 0.0, 81329.919171636, 77263.42332999197, 73400.25246220379, 69730.2455276199, 66243.73432495413, 69555.91433301251, 66078.12012585015, 62774.21647646758, 65912.87837473174, 62617.2360461572, 65748.09395949672, 62460.69291029236, 65583.7229787253, 62304.538041457, 59189.32307322714, 62148.78315685704, 65256.21387425642, 61993.4054523182, 58893.73860680841, 55949.053894628116, 53151.60553605529, 55809.179161037086, 53018.73187590337, 50367.7974486101, 52886.18097670178], "GWT": [0.0, 0.0, 0.0, 0.0, 0.0, 37.39370921187362, 66.98337269963754, 31.025945775587534, 389.5191487030883, 23.054078718137557, 23.58015913455396, 138.3905208486188, 22.387626081653927, 265.8821414651916, 120.7180638119956, 28.167664562517757, 18.78591772058685, 600.0, 278.11957350069383, 19.9190982248591, 16.93507494123295, 18.479485977437996, 25.333672996613462, 12.487055005066626, 58.781413073227604, 10.640121766160105, 19.21258432703439, 36.09898248974843, 21.902549387795506, 8.46869213033143], "Pump_year": [418942.4874671789, 408901.6232062329, 406307.23016928707, 455457.40356412006, 475834.4615804183, 243219.97466984642, 170089.91567376707, 330352.61108834017, 121164.07202412366, 367687.8393959132, 246278.08965629927, 250462.25873422727, 317284.2519637203, 174930.6589456804, 245325.5008342622, 268742.404768285, 298671.35902222764, 34030.42740682261, 126669.16570757705, 278725.7884544502, 368281.3504510516, 278494.3417272228, 336855.2429178985, 289236.489338353, 218038.1648134573, 279585.99545671145, 279666.9810080433, 213325.97733259757, 319902.6003024288, 287512.2761880355], "Perennials_year": [77845.85120530923, 73953.56113171187, 77651.22178257818, 81533.7514511919, 77457.06587774857, 73584.21269523045, 69905.00234495598, 66409.75764535229, 63089.2707856706, 66243.72793620238, 62931.54297700015, 59784.96807282627, 62774.16988069689, 59635.462901102095, 62617.23234237783, 59486.374200278435, 62460.68855116695, 59337.655277578095, 56370.78387926394, 59189.3172922448, 62148.77511833944, 59041.33852601733, 56089.274863627055, 53284.813232979155, 50620.57670100504, 53151.5992009877, 50494.03035800321, 47969.33090343819, 50367.79140638264, 52886.17795834284], "GW_depth_year": [304.3323770242317, 312.56873808500944, 324.6919716344012, 331.27685782299045, 343.6635768733509, 325.6066870744411, 315.9105034584698, 330.65130784392494, 310.85251302170917, 332.5239954157528, 328.7372208780488, 330.8641393559045, 338.24769017726084, 325.44796974700535, 332.78776047077935, 335.5576378091862, 339.97674551072447, 310.71992106478484, 319.28021468702184, 326.9822106006423, 336.78525448574237, 334.7891786286909, 341.5846980352818, 342.00317078139693, 334.52396564898623, 341.3277793584761, 342.57262513639284, 338.5676579240411, 351.5690390825355, 352.3661662307682], "Net_revs": [222.52285511263315, 250.23803161068, 302.6927141699015, 364.2099884681647, 136.11663196369685, 235.61914465733693, 363.1709131418935, 333.17134234993335, 249.59791247278469, 314.7692767188856, 214.10065762442701, 281.4075210250784, 319.6280763280857, 210.2091048905477, 384.71829306469516, 207.50549939950002, 356.6836816184248, 364.7082195692902, 366.0934930594914, 363.8350186743747, 357.55847459783826, 229.75622304151779, 244.92071806451946, 184.61080843039196, 265.7948301936684, 325.8925845220715, 250.12487484342108, 212.3567412402091, 350.0362178670263, 370.14043648265493], "SW": [28023.705357185503, 16695.4230059711, 107002.34633494899, 29553.508435609696, 37995.346057281204, 86564.0562376755, 134543.98462966198, 45546.763031745795, 212790.01782533602, 85361.76529853829, 91694.69955645071, 168009.774864081, 105869.239894855, 195271.592277815, 163574.857480706, 112179.855897284, 99167.11528762881, 276461.685274481, 197066.21137088502, 101527.282371421, 55735.720974314296, 88766.59190167379, 26703.870232716497, 73422.1798376678, 142311.06785791702, 72608.77851766099, 110228.74586666799, 129347.55647519899, 23027.636164144602, 69549.7265331013], "Land_year": [118743.16447083403, 106087.75393527569, 134776.95546641477, 121331.38653996866, 127783.83359654546, 93657.88519872763, 78797.50223877383, 97335.92538786167, 87142.45560273291, 116447.06396060208, 90491.48441736524, 113860.99476669804, 108436.95185351283, 96029.32574567386, 103812.64119733474, 94449.01678133459, 99623.41334946704, 80350.87862977055, 82047.35443676055, 93265.96751909457, 107838.52851884071, 104768.27167540202, 99443.32799624807, 94481.02010981271, 92338.16743051619, 89215.00546054386, 108718.01276894845, 98179.59925055475, 87149.69790260727, 91991.43847980203], "Gross_revs": [408.5957641882664, 422.21503826462185, 488.1716818373113, 554.5898227198408, 307.09677407401074, 377.1013215339108, 502.04164332986653, 487.08947637856636, 415.36101509971155, 473.5746954761618, 350.98211881645625, 467.3796570314194, 475.0997823887142, 387.80198098534055, 562.5809300927349, 370.81492716478994, 513.7741727730202, 493.81156023300673, 533.1692377260347, 514.9147297300507, 520.8411029982856, 355.00859957311525, 371.34053565685235, 312.2331968272248, 409.8484860378511, 458.30412965350143, 376.6385830589224, 326.73461520968283, 492.3843632808118, 516.2842494700161], "Perennial_water": [309194.44296257186, 305821.2801811375, 335587.3514203626, 349996.2392292701, 329784.03223792586, 273434.83271893964, 280356.00344115304, 284526.36426113755, 253438.2286512925, 296060.7603817597, 238618.68401078432, 244139.60368501802, 276470.0668072392, 248237.06509130896, 277660.6514353353, 252512.18096923208, 277199.30410029955, 249532.53554989066, 239134.215501483, 263199.57888001355, 274326.9116107581, 231736.403966406, 226280.35622945073, 218826.2099375272, 212166.13058404153, 234780.50933228218, 211645.96873744126, 196369.61652621388, 219644.29257353916, 236187.22456049247]}, "1": {"GWP": [0.0, 0.0, 0.0, 0.0, 0.0, 243219.97600025038, 166518.97127042196, 230262.5187832439, 594095.631, 474061.4350416888, 540307.9866244986, 594095.631, 594095.631, 594095.631, 594095.631, 594095.631, 594095.631, 594095.631, 594095.631, 594095.631, 594095.631, 594095.631, 594095.631, 594095.631, 594095.631, 594095.631, 594095.631, 594095.631, 594095.631, 594095.631], "TL": [0.0, 0.0, 0.0, 0.0, 0.0, 153105.2445229, 153105.2445229, 153105.2445229, 153105.2445229, 153105.2445229, 153105.2445229, 153105.2445229, 153105.2445229, 153105.2445229, 153105.2445229, 153105.2445229, 153105.2445229, 153105.2445229, 153105.2445229, 153105.2445229, 153105.2445229, 153105.2445229, 153105.2445229, 153105.2445229, 153105.2445229, 153105.2445229, 153105.2445229, 153105.2445229, 153105.2445229, 153105.2445229], "PL": [0.0, 0.0, 0.0, 0.0, 0.0, 81329.919171636, 77263.42375700295, 73400.25289127164, 69730.24047919916, 66243.7292792914, 65127.26266043337, 61870.900861415714, 58777.35723942956, 55838.504680208905, 53046.580483962425, 55698.843653487726, 52913.904005775745, 55559.592804346, 52781.61550176021, 50142.53676586112, 52649.63947806665, 55282.091108383705, 52517.9883571975, 49892.09145322565, 47397.48859655634, 45027.61642666875, 47278.951772202825, 44915.0079804333, 42669.258975337085, 44802.706194589184],