{"0": {"GWP": [0.0, 0.0, 0.0, 0.0, 0.0, 217830.82226244878, 194444.23153788695, 322885.92729278794, 594095.631, 594095.631, 552611.0970481334, 594095.631, 594095.631, 594095.631, 594095.631, 594095.631, 594095.631, 594095.631, 594095.631, 594095.631, 594095.631, 594095.631, 594095.631, 594095.631, 594095.631, 594095.631, 594095.631, 594095.631, 594095.631, 594095.631], "TL": [0.0, 0.0, 0.0, 0.0, 0.0, 153105.2445229, 153105.2445229, 153105.2445229, 153105.2445229, 153105.2445229, 153105.2445229, 153105.2445229, 153105.2445229, 153105.2445229, 153105.2445229, 153105.2445229, 153105.2445229, 153105.2445229, 153105.2445229, 153105.2445229, 153105.2445229, 153105.2445229, 153105.2445229, 153105.2445229, 153105.2445229, 153105.2445229, 153105.2445229, 153105.2445229, 153105.2445229, 153105.2445229], "PL": [0.0, 0.0, 0.0, 0.0, 0.0, 81329.92973129275, 77263.43375506107, 73400.26292284334, 69730.3761323594, 66243.85843330658, 69556.0352205893, 66078.2347601073, 62774.3243099201, 61072.168932562716, 58018.56501607063, 60919.49067921265, 57873.51714144667, 54979.842878932155, 57728.83131282304, 60615.26971013141, 57584.52085070323, 60463.73792416134, 57440.55325009631, 54568.52856356532, 51840.103205522595, 49248.11161098754, 51710.511705488774, 49124.988535201264, 46668.74051912247, 44335.312801782035], "GWT": [0.0, 0.0, 0.0, 0.0, 0.0, 50.549265970652144, 144.86864047712595, 108.38626940381047, 381.47175015811297, 72.78917313702439, 115.1836657863392, 600.0, 73.03201795570268, 83.83200037217492, 95.27828047719167, 600.0, 600.0, 69.75443135415007, 48.65070723807499, 185.2047712957717, 55.76308196736017, 47.373446674685304, 76.72237621429656, 414.5655133677176, 19.04980762900324, 31.80579212790992, 238.99888369605853, 208.47597140218332, 275.70125866527223, 15.098736630158857], "Pump_year": [323786.8111676525, 262566.8432950597, 381072.7904213489, 359884.8428554597, 343086.6423998409, 217830.8183690405, 194444.22628404936, 281042.8219882419, 127692.71508070112, 304749.33275931893, 228850.5692096633, 44534.59929604396, 263826.472076698, 249300.38765976948, 262880.3791280037, 55129.35300417878, 31168.380080740557, 254338.13588529063, 269502.0235755584, 211289.5460090707, 269943.9663200032, 231440.04806318355, 222979.85031979292, 72581.94584986471, 276513.9511573262, 228842.75558878077, 143259.13630141452, 120537.47852838768, 110747.77184440875, 269652.0163277574], "Perennials_year": [77845.85119042794, 73953.56116134385, 77651.22224474256, 81533.76199000726, 77457.07593456452, 73584.22262386768, 69905.01230746983, 66409.88203081847, 63089.388984101504, 66243.8430672279, 62931.65215248313, 59785.070771352475, 58163.97041196449, 55255.77620578155, 58018.56255163109, 55117.63537280635, 52361.75512279253, 54979.83934554575, 57728.828295363244, 54842.40081019355, 57584.51230872508, 54705.28880961553, 51970.02720339554, 49371.52686240247, 46902.963439035746, 49248.10638617978, 46785.703366858346, 44446.419542021395, 42224.1074302686, 44335.31094336932], "GW_depth_year": [296.9071388874099, 294.0399464276287, 305.4632901449488, 312.92005318467267, 315.10867718501476, 307.0421059595042, 300.09466006537286, 308.8606823766416, 291.57700544680034, 307.5264782884444, 304.47143653837674, 283.05986999109217, 302.1074802875441, 302.21535530414627, 307.10348334888056, 284.1179560108477, 282.2907616818751, 305.27617673567835, 307.4187695437948, 302.84631643865464, 309.38190724884146, 307.7542424418656, 310.7737846688264, 293.26124933551006, 311.17387885182734, 306.358201929444, 294.5239608829676, 293.3739573722408, 296.31230853719114, 313.85697669217046], "Net_revs": [231.74183898800743, 254.07517362264002, 306.809496009568, 369.0478672073338, 136.15621340401898, 237.61183123936163, 341.09184740716364, 320.04912270482293, 247.65757165191212, 302.57154728294944, 211.0712721957027, 318.7379625171089, 305.71966381644364, 219.35182280425445, 380.9060438672334, 223.38856382898288, 363.4599691977493, 336.5006244220142, 387.16979019839613, 335.00979527873136, 346.4840814501478, 227.35810334968087, 242.92126657529678, 202.48120628793566, 264.50869961357546, 321.02993017316845, 238.41281904069507, 209.90557392513543, 331.20789184283245, 357.41736082653404], "SW": [235414.30618956298, 209748.894023383, 136565.410012256, 215165.89782635798, 260901.56360371498, 112124.247034886, 165127.279356075, 154414.427391735, 211255.436843679, 141442.495224492, 158880.642400035, 308441.535934375, 141958.917366414, 149482.69733927902, 154707.337026498, 241869.717917267, 249906.43880372102, 142510.94563057303, 132528.99547551898, 179626.86566423698, 136758.84143821802, 131078.80778104402, 147853.21370108, 216923.03955327402, 46987.3112581952, 122771.51246398501, 191141.604038777, 185023.553673746, 197209.92089489102, 64594.500382895785], "Land_year": [153105.13143362128, 117384.73700781804, 130052.47535522441, 145619.43667269213, 148706.59590669425, 93647.76711990433, 93097.7456709075, 111729.35670157916, 88312.20175468257, 113878.56841104102, 103655.12870059647, 96076.79447618338, 104242.171505406, 103284.18569114551, 108279.41072411623, 76717.72094530362, 74087.94069931535, 99684.51909456357, 102076.4709239005, 99386.59984338083, 103422.69739705115, 104224.71376371736, 105585.74293014416, 79537.39354237536, 82255.06450217188, 90733.89476237432, 93938.6783773521, 88832.52174915186, 83618.26818383511, 86697.34075638818], "Gross_revs": [420.84974762378226, 427.04097552294087, 492.9330442225328, 562.6736066100598, 311.8206130704857, 377.029035275638, 506.4902430460681, 502.31251298356176, 414.7103738325157, 472.9173464550837, 367.3445596690099, 465.42460246791927, 460.97847105648304, 374.07012435634294, 546.4140971134987, 362.8190725416683, 477.7077527943446, 490.9600620335916, 548.2993247296303, 502.5699371298038, 506.75544313379385, 349.6661358622414, 368.13427881295837, 322.54333890404007, 392.5784581721331, 445.8974251634461, 371.99362871535766, 327.80250431705366, 460.34003387802704, 484.1750275717513], "Perennial_water": [309194.4431147373, 305977.1808581121, 343849.1141590859, 350102.1406534706, 329955.06929733476, 273579.80596482917, 293815.5729239092, 293099.67236890167, 254319.58416442628, 295783.27054358175, 230357.67102069504, 239564.69343543204, 255681.87361748816, 235307.61115701683, 257479.65558650892, 222295.10120784948, 217455.52435017732, 245272.12351727992, 254841.02258887974, 237735.9063458731, 253799.90995761057, 213034.4095563327, 207179.04362853064, 188544.00957307426, 198381.0086020145, 217429.01850848598, 191017.36643732415, 175760.5328185051, 175423.91586551996, 198034.12441613202]}, "1": {"GWP": [0.0, 0.0, 0.0, 0.0, 0.0, 217830.82226244878, 254064.78169328804, 299248.0366281013, 594095.631, 543741.3804191404, 594095.631, 594095.631, 594095.631, 594095.631, 594095.631, 594095.631, 594095.631, 594095.631, 594095.631, 594095.631, 594095.631, 594095.631, 594095.631, 594095.631, 594095.631, 594095.631, 594095.631, 594095.631, 594095.631, 594095.631], "TL": [0.0, 0.0, 0.0, 0.0, 0.0, 153105.2445229, 153105.2445229, 153105.2445229, 153105.2445229, 153105.2445229, 153105.2445229, 153105.2445229, 153105.2445229, 153105.2445229, 153105.2445229, 153105.2445229, 153105.2445229, 153105.2445229, 153105.2445229, 153105.2445229, 153105.2445229, 153105.2445229, 153105.2445229, 153105.2445229, 153105.2445229, 153105.2445229, 153105.2445229, 153105.2445229, 153105.2445229, 153105.2445229], "PL": [0.0, 0.0, 0.0, 0.0, 0.0, 81329.92973129275, 77263.43381982308, 73400.26354503518, 69730.25323572698, 66243.74139732753, 62931.558768138966, 59784.98191820445, 56795.734350244275, 53955.951239447335, 51258.15560865008, 53821.05073621254, 51129.99929752262, 48573.50202614135, 47764.01432530681, 50152.20802558009, 47644.60020776595, 45262.401599189885, 42999.28319879377, 40849.32094194852, 38806.8561076615, 36866.519402344486, 38709.8328630642, 36774.34281644924, 34935.6268214115, 33188.851283630334],