{"0": {"GWP": [0.0, 0.0, 0.0, 0.0, 0.0, 306349.7956745932, 175792.43898500758, 358647.963430586, 536754.8854910728, 594095.631, 537254.3762808876, 594095.631, 594095.631, 594095.631, 594095.631, 594095.631, 594095.631, 594095.631, 594095.631, 594095.631, 594095.631, 594095.631, 594095.631, 594095.631, 594095.631, 594095.631, 594095.631, 594095.631, 594095.631, 594095.631], "TL": [0.0, 0.0, 0.0, 0.0, 0.0, 153105.2445229, 153105.2445229, 153105.2445229, 153105.2445229, 153105.2445229, 153105.2445229, 153105.2445229, 153105.2445229, 153105.2445229, 153105.2445229, 153105.2445229, 153105.2445229, 153105.2445229, 153105.2445229, 153105.2445229, 153105.2445229, 153105.2445229, 153105.2445229, 153105.2445229, 153105.2445229, 153105.2445229, 153105.2445229, 153105.2445229, 153105.2445229, 153105.2445229], "PL": [0.0, 0.0, 0.0, 0.0, 0.0, 81329.93084953493, 77263.43493094045, 73400.2633695823, 69730.27195952329, 66243.76235896522, 69555.94338677323, 66078.14769045815, 62774.24156150676, 59635.53443456093, 56653.766164704124, 59486.45266651893, 56512.13102702184, 53686.52661524425, 56370.848431498685, 59189.388095762224, 62148.84883104544, 65256.279649395416, 61993.46781855349, 58893.797906883854, 55949.10991232941, 53151.66107165613, 55809.23651197265, 53018.775913300124, 50367.83956584888, 52885.97324218192], "GWT": [0.0, 0.0, 0.0, 0.0, 0.0, 51.0153923281507, 37.905911074681114, 38.4972495633212, 23.208349044859798, 19.663775919422235, 29.376378891569612, 600.0, 191.01397066904767, 25.396130859559413, 13.353986540932713, 600.0, 600.0, 92.8985670778211, 21.103703662882943, 38.18400261127667, 27.747605557834852, 29.865257664376138, 19.349184545638717, 50.39448524110933, 12.236017612010878, 14.879326694613033, 538.8011889820713, 12.529507362718888, 104.35711367284303, 600.0], "Pump_year": [285743.35376338934, 253129.72030112357, 360892.13870210666, 447160.6193756225, 492789.63553783455, 306349.7901111173, 175792.43795889113, 358647.93861298217, 344675.29367043125, 364695.62521481275, 244928.96771150257, 47038.72754198496, 160627.97096251993, 317657.73803640576, 338711.1985401278, 42821.558146316995, 23605.258418837682, 246976.4803667575, 318383.7235839216, 342485.6457662623, 375063.84981751675, 312154.1263826526, 285272.2159875324, 229253.73760675057, 280692.0495011219, 248946.46522054536, 65093.901092210675, 283160.6024844087, 225359.66447478058, 7102.516547072574], "Perennials_year": [77845.8509727036, 73953.56098252862, 77651.22211994702, 81533.76311685491, 77457.07699955707, 73584.22374375281, 69905.01273293552, 66409.78281859361, 63089.297484728784, 66243.7556064507, 62931.569229007764, 59784.991963339766, 56795.74708053422, 53955.967775908684, 56653.76444430374, 53821.07716859222, 51130.02534785166, 53686.52231571303, 56370.84580548783, 59189.37983909089, 62148.83776132896, 59041.39792243189, 56089.33133988938, 53284.866583170864, 50620.62959205346, 53151.65382092633, 50494.07229838107, 47969.37101509417, 50367.59356398278, 47849.21867115282], "GW_depth_year": [292.28773253630595, 291.6230850805088, 301.7093141499744, 315.1288743292648, 329.2998864877889, 326.53231618997785, 314.2169178260716, 330.84542876465935, 337.2463981681018, 343.2410535002304, 335.26001798938273, 312.78280975824686, 323.1342759690649, 332.86842159796214, 339.9817532970877, 307.36837187153014, 305.8682927092625, 328.879151590064, 335.6783552212421, 341.96802491089875, 349.8800989194005, 348.3753768998824, 349.213087371906, 343.4061126410872, 349.4246108188206, 346.90350445227625, 324.02252507048036, 343.0607683338464, 337.58657538505173, 309.5093376110245], "Net_revs": [237.0129370513372, 256.6180710541427, 307.79613861331285, 366.80537103086647, 135.68903033157474, 217.09329317175283, 365.45423293629887, 332.08309295026635, 241.52995457094067, 314.8628825306233, 211.74272633635192, 324.1431534192492, 290.42316955718957, 219.82058898449026, 391.2486805819708, 233.74584342011542, 354.26819511767025, 328.69609569023874, 377.8929353252863, 352.84813898475613, 351.89263460032987, 227.9225389596048, 247.78861739626103, 182.0313847082997, 265.98942839124953, 329.8894580961766, 254.98508402195267, 210.1056098837872, 344.8859426837666, 382.7170340409426], "SW": [292144.13586889, 255958.83975907997, 160627.462791371, 55973.798785593004, 38866.1864438356, 23584.9530893991, 104310.024260847, 28240.7723504626, 53506.1231133131, 91279.01123181009, 110548.92670468701, 318410.806160965, 180785.92432110198, 26859.431832318, 50161.3890528792, 252795.386757643, 257342.41704737997, 154858.341549629, 29334.879199071802, 11469.7214311459, 22481.4142142688, 21751.619792368696, 105368.09105581301, 137386.064416337, 46665.2955720507, 106194.61530732301, 231317.389703088, 84436.7596803323, 161163.05368172599, 299442.42950309796], "Land_year": [153105.23860322806, 126169.8001141165, 130928.27814760752, 126417.5513537419, 131489.6052294242, 91325.69684990469, 75894.80125259564, 98311.04515229508, 100617.43057814083, 118605.11606978744, 94349.61345543017, 100440.24372340435, 89014.04100049875, 86991.00205792325, 99699.44150015253, 76526.7821064893, 73105.01335618798, 101926.38142568452, 86532.81687444402, 85637.37237135686, 99958.50238130256, 93548.13281346745, 110010.15776263265, 94734.01660069881, 83724.42325717291, 92000.8644331832, 82953.91252944995, 103457.82830472285, 101555.50357692808, 80484.15283498698], "Gross_revs": [419.78711077944934, 430.0939886273799, 493.835357636412, 556.2414480679398, 307.9182188846983, 369.65371510224975, 491.0057342072463, 491.21071927085336, 394.62290954662996, 473.7772472896054, 354.9886927363971, 468.28406501742353, 448.1376363776087, 363.4749435944413, 537.0384699144174, 360.21312778784824, 468.6826119437041, 487.3453006316386, 535.4462988516443, 511.1185072798383, 517.9755697359301, 353.4602334726863, 373.6390338001523, 316.52380409921875, 403.2179656490203, 458.7357700197121, 382.3911810367674, 327.6374670475353, 501.33902422913707, 484.1532466749945], "Perennial_water": [309194.4425204209, 306073.23460834555, 344933.2600849864, 350124.50558302534, 329934.7487639923, 280102.4632458546, 264013.3098055159, 288824.9972402733, 266116.13148117723, 296037.1101542378, 237458.91633719217, 239084.6701049901, 240390.45631887944, 230453.73646780846, 251842.54911063594, 217100.40933299862, 215232.94729561362, 239348.39511285714, 248943.49447537193, 263010.60492931225, 274126.8520151453, 230628.09567700734, 226425.9041117162, 217096.6556152827, 213886.38849395243, 234697.96373837037, 201264.45480004174, 197296.99463080248, 218331.73062678362, 206207.65278744695]}, "1": {"GWP": [0.0, 0.0, 0.0, 0.0, 0.0, 306349.7956745932, 176055.29783084022, 244536.59062888406, 327204.21804155625, 479057.05067009904, 341681.40237624286, 594095.631, 594095.631, 594095.631, 594095.631, 594095.631, 594095.631, 594095.631, 594095.631, 594095.631, 594095.631, 594095.631, 594095.631, 594095.631, 594095.631, 594095.631, 594095.631, 594095.631, 594095.631, 594095.631], "TL": [0.0, 0.0, 0.0, 0.0, 0.0, 153105.2445229, 153105.2445229, 153105.2445229, 153105.2445229, 153105.2445229, 153105.2445229, 153105.2445229, 153105.2445229, 153105.2445229, 153105.2445229, 153105.2445229, 153105.2445229, 153105.2445229, 153105.2445229, 153105.2445229, 153105.2445229, 153105.2445229, 153105.2445229, 153105.2445229, 153105.2445229, 153105.2445229, 153105.2445229, 153105.2445229, 153105.2445229, 153105.2445229], "PL": [0.0, 0.0, 0.0, 0.0, 0.0, 81329.93084953493, 77263.43505711146, 73400.26351119328, 69730.25055530737, 66243.74058177507, 69555.04972229665, 66077.29849009495, 62773.43482427651, 59634.76462391429, 56653.03028756183, 59485.68096864706, 56511.39792969269, 53685.83018155252, 51001.55327212369, 53551.62758850746, 56229.19716779824, 59040.63252562421, 56088.60282975112, 53284.17522903178, 50619.96786384936, 48088.9741192957, 50493.39292054812, 47968.72452117946, 45570.2900182867, 43291.78193285094],